Original,Cleaned
mission x escape,Mission X Escape
bull city escape,Bull City Escape
nc escape,NC Escape
escape on purpose,Escape On Purpose
tar heel escapes,Tar Heel Escapes
chapel thrill escapes,Chapel Thrill Escapes
game on escapes & more boxyard rtp,Game On Escapes and More Boxyard Rtp
xtreme escapes,Xtreme Escapes
wreck it rage room,Wreck It Rage Room
atomic empire,Atomic Empire
the glass jug beer lab - downtown durham,The Glass Jug Beer Lab: Downtown Durham
boxcar bar + arcade,Boxcar Bar + Arcade
west end billiards,West End Billiards
state of golf,State Of Golf
angel island fun park,Angel Island Fun Park
bowlero durham,Bowlero Durham
urban axes - axe throwing,Urban Axes: Axe Throwing
nasher museum of art,Nasher Museum Of Art
american tobacco campus,American Tobacco Campus
durham central park,Durham Central Park
sarah p. duke gardens,Sarah P. Duke Gardens
museum of durham history,Museum Of Durham History
the can opener bridge,The Can Opener Bridge
duke lemur center,Duke Lemur Center
falls lake state recreation area,Falls Lake State Recreation Area
bennett place,Bennett Place
museum of life and science,Museum Of Life And Science
american dance festival - adf,American Dance Festival: ADF
the carolina theatre,The Carolina Theatre
occoneechee mountain state natural area,Occoneechee Mountain State Natural Area
old cheek road bridge,Old Cheek Road Bridge
mountains to sea trail segment 10 parking,Mountains To Sea Trail Segment 10 Parking
raleigh-durham international airport observation park,Raleigh-Durham International Airport Observation Park
west point on the eno park,West Point On The Eno Park
bull city food and beer experience,Bull City Food And Beer Experience
third friday art walk,Third Friday Art Walk
holi celebration,Holi Celebration
durham bulls opening day,Durham Bulls Opening Day
full frame documentary film festival,Full Frame Documentary Film Festival
biscuits & banjos festival,Biscuits and Banjos Festival
bull city beer mile,Bull City Beer Mile
durham earth day festival,Durham Earth Day Festival
beats n bars block party,Beats N Bars Block Party
bimbÃ© cultural arts festival,Bimbã© Cultural Arts Festival
acc baseball championship,Acc Baseball Championship
freaknik spring fling,Freaknik Spring Fling
skyhigh reunion: spring fling,Skyhigh Reunion: Spring Fling
spring fling,Spring Fling
southern seasonal: spring has sprung!,Southern Seasonal: Spring Has Sprung
ncsu nsbe spring gala 25',NCSU NSBE Spring Gala 25'
easter spring candle-making workshop at gizmo brew works,Easter Spring Candle-Making Workshop At Gizmo Brew Works
sip into spring wine tasting,Sip Into Spring Wine Tasting
diy wooden bead -spring wreaths!,Diy Wooden Bead -Spring Wreaths
keep durham beautiful events,Keep Durham Beautiful Events
durham garden tour,Durham Garden Tour
plant & seed swap,Plant and Seed Swap
4th annual durham bee day celebration,4Th Annual Durham Bee Day Celebration
rhythm & reels concert & movie series,Rhythm and Reels Concert and Movie Series
july 4th celebration,July 4Th Celebration
durham fiesta latina,Durham Fiesta Latina
juneteenth celebration,Juneteenth Celebration
fall festivals,Fall Festivals
southern seasonal: welcome fall!,Southern Seasonal: Welcome Fall
barktoberfest,Barktoberfest
thanksgiving market,Thanksgiving Market
santa paws,Santa Paws
senior holiday party,Senior Holiday Party
holiday parade,Holiday Parade
solstice: a winter circus experience,Solstice: A Winter Circus Experience
durham farmers market (winter),Durham Farmers Market Winter
first day hike (eno river state park),First Day Hike Eno River State Park
nc science festival events,NC Science Festival Events
easter at the jug,Easter At The Jug
20th annual strawberry festival,20Th Annual Strawberry Festival
geek and grub market (may the 4th be with you edition),Geek And Grub Market May The 4Th Be With You Edition
taste of soul nc,Taste Of Soul NC
durham craft market (saturdays),Durham Craft Market Saturdays
art market durham (saturdays),Art Market Durham Saturdays
south durham farmers market (saturdays),South Durham Farmers Market Saturdays
go ape treetop adventure - durham,Go Ape Treetop Adventure: Durham
kersey valley zipline,Kersey Valley Zipline
paraclete xp indoor skydiving,Paraclete Xp Indoor Skydiving
skydive central nc,Skydive Central NC
triangle rock club - climbing,Triangle Rock Club: Climbing
eno river hiking (difficult trails),Eno River Hiking Difficult Trails
west point mtb trails,West Point Mtb Trails
eno river kayaking (long trip),Eno River Kayaking Long Trip
pilot mountain rock climbing,Pilot Mountain Rock Climbing
haw river hiking (challenging),Haw River Hiking Challenging
harris lake mtb trails (advanced),Harris Lake Mtb Trails Advanced
disc golf (championship course),Disc Golf Championship Course
orienteering event (advanced course),Orienteering Event Advanced Course
caving/spelunking (organized tours - regional),Caving/Spelunking Organized Tours: Regional
whitewater rafting (day trip - nearby rivers),Whitewater Rafting Day Trip: Nearby Rivers
wine tasting at the wine feed,Wine Tasting At The Wine Feed
wine tasting at uncorked,Wine Tasting At Uncorked
cooking class at durham co-op market,Cooking Class At Durham Co-Op Market
cooking class at southern season (chapel hill),Cooking Class At Southern Season Chapel Hill
art workshop at the carrack modern art,Art Workshop At The Carrack Modern Art
art workshop at durham arts council,Art Workshop At Durham Arts Council
pottery night at claymakers,Pottery Night At Claymakers
pottery class at the durham studio school,Pottery Class At The Durham Studio School
guided hike at eno river state park,Guided Hike At Eno River State Park
guided hike with triangle land conservancy,Guided Hike With Triangle Land Conservancy
ghost tour of downtown durham,Ghost Tour Of Downtown Durham
tobacco road tours - haunted durham,Tobacco Road Tours: Haunted Durham
wine & design (paint & sip),Wine and Design Paint and Sip
ar workshop durham (diy crafts),Art Workshop Durham Diy Crafts
bull city craft - workshops,Bull City Craft: Workshops
cooking at the kitchen specialist,Cooking At The Kitchen Specialist
eno river kayak tours (guided),Eno River Kayak Tours Guided
fullsteam brewery tours & tastings,Fullsteam Brewery Tours and Tastings
